Congress,Country,City,Start Date,End Date,Cost (USD)
Association of Cancer Executives (ACE) Annual Meeting 2020,United States Of America,"New Orleans, Louisiana","January 22, 2020","January 24, 2020",-
6th Annual Immuno-Oncology,United States Of America,"New York City, New York","February 26, 2020","February 28, 2020",$997.50
EACR-AACR-ASPIC 2020 Conference: Tumor Microenvironment,Portugal,"Lisbon, Lisbon","March 02, 2020","March 04, 2020",-
2020 Medical Oncology and Hematology Conference,United States of America,"Houston, Texas","April 02, 2020","April 03, 2020",-
Cancer Genetics 2020 Conference,United States Of America,"Chicago, Illinois","April 17, 2020","April 19, 2020",-
7th International Conference on Myelodysplatic Syndromes,France,"Mandelieu La Napoule, Provence-Alpes-Cote d Azur","April 23, 2020","April 25, 2020",-
American Association for Cancer Research (AACR) Annual Meeting 2020,United States Of America,"San Diego, California","April 24, 2020","April 29, 2020",-
17th Annual Miami Cancer Meeting,United States Of America,"Miami, Florida","May 01, 2020","May 03, 2020",-
2020 ASCO Annual Meeting,United States of America,"Chicago, IL","May 29, 2020","June 02, 2020",-
2nd Harvard Medical School Asia-Pacific Neuro-Oncology CME Conference,United States of America,"Lahaina, Hawaii","August 03, 2020","August 07, 2020",-
A Comprehensive Board Review in Hematology and Medical Oncology 2020,United States of America,"Houston, Texas","September 14, 2020","September 19, 2020",-
European Society for Medical Oncology (ESMO) 2020 Congress,Spain,"Madrid, Madrid","September 18, 2020","September 22, 2020",-
American Association for Cancer Research (AACR) Conference on Myeloma,United States of America,"Boston, Massachusetts","October 02, 2020","October 05, 2020",-
35th Anniversary Annual Meeting & Pre-Conference Programs of the Society for Immunotherapy of Cancer (SITC 2020),United States of America,"National Harbor, Maryland","November 10, 2020","November 14, 2020",-
Society for Neuro-Oncology (SNO) Annual Meeting 2020,United States Of America,"Austin, Texas","November 18, 2020","November 22, 2020",-
